month,county,residents_covid19_deaths_per_month,residents_covid19_cases_per_month,NH_monthly_fatality_rate,county_occupancy,county_cases,county_prevalence,NH_occupancy_rate,staff_flu_vaccination_rate,total_supply_ppe_monthly,total_shortage_stuff_monthly,ventilator_dependent_unit_monthly,monthly_new_positives,monthly_new_tests_performed,monthly_infection_rate,monthly_fatality_rate,election_result
5,Albany,42,130,0.323076923,1411,130,0.092133239,0.794672458,0.804545455,1,1,1,678,14613,0.046397044,0.052603613,D
6,Albany,4,11,0.363636364,1443,141,0.097713098,0.80029262,0.804545455,1,1,1,230,23788,0.009668741,0.051136364,D
7,Albany,4,14,0.285714286,1474,155,0.105156038,0.831885166,0.804545455,1,1,1,403,27414,0.014700518,0.045725646,D
8,Albany,6,9,0.666666667,1484,164,0.110512129,0.834838013,0.804545455,1,1,1,271,32030,0.008460818,0.04379038,D
9,Albany,0,0,NA,1475,164,0.111186441,0.838065125,0.804545455,1,1,1,347,30415,0.011408844,0.039259496,D
10,Albany,0,5,0,1519,169,0.111257406,0.850486332,0.804545455,1,1,1,NA,NA,NA,NA,D
5,Allegany,NA,NA,NA,NA,NA,NA,0.91875,0.7125,1,0,0,13,1372,0.009475219,0.041666667,R
6,Allegany,NA,NA,NA,326,0,0,0.905746487,0.7125,1,1,0,13,4083,0.003183933,0.032786885,R
7,Allegany,0,0,NA,327,0,0,0.889344262,0.7125,1,1,0,13,3246,0.004004929,0.027027027,R
8,Allegany,0,0,NA,330,0,0,0.902834016,0.7125,1,1,0,15,4503,0.003331113,0.02247191,R
9,Allegany,0,0,NA,328,0,0,0.903858436,0.7125,1,1,0,30,4536,0.006613757,0.033613445,R
10,Allegany,8,52,0.153846154,302,52,0.17218543,0.872555499,0.7125,1,1,0,NA,NA,NA,NA,R
5,Bronx,NA,NA,NA,NA,NA,NA,0.833069858,0.739555556,1,1,1,7574,99691,0.075974762,0.098503053,D
6,Bronx,NA,NA,NA,9266,1328,0.143319663,0.843669356,0.739555556,1,1,1,2292,137268,0.016697264,0.099871986,D
7,Bronx,4,29,0.137931034,9248,1357,0.146734429,0.812979529,0.739555556,1,1,1,1975,139839,0.014123385,0.09779148,D
8,Bronx,4,15,0.266666667,9057,1372,0.151485039,0.814529189,0.739555556,1,1,1,2037,171837,0.011854257,0.095019647,D
9,Bronx,3,10,0.3,9345,1382,0.14788657,0.826974466,0.739555556,1,1,1,1506,170630,0.008826115,0.093136978,D
10,Bronx,0,9,0,9386,1391,0.148199446,0.828657592,0.739555556,1,1,1,NA,NA,NA,NA,D
5,Broome,NA,NA,NA,NA,NA,NA,0.855472312,0.804545455,1,1,1,275,13809,0.019914548,0.081881533,R
6,Broome,9,38,0.236842105,1338,131,0.097907324,0.863571896,0.804545455,1,1,1,148,21307,0.006946074,0.08033241,R
7,Broome,8,51,0.156862745,1345,182,0.135315985,0.862923569,0.804545455,1,1,1,326,22333,0.014597233,0.06870229,R
8,Broome,12,25,0.48,1357,207,0.152542373,0.867263122,0.804545455,1,1,1,263,28916,0.009095311,0.062547674,R
9,Broome,1,0,Inf,1340,207,0.154477612,0.861014045,0.804545455,1,1,1,418,29146,0.014341591,0.049161365,R
10,Broome,2,98,0.020408163,1298,305,0.234976888,0.812528742,0.804545455,1,1,1,NA,NA,NA,NA,R
5,Cattaraugus,0,0,NA,448,0,0,0.834004602,0.856,1,0,0,40,3893,0.010274852,0.033707865,R
6,Cattaraugus,0,1,0,452,1,0.002212389,0.838097092,0.856,1,1,0,34,7820,0.004347826,0.048780488,R
7,Cattaraugus,0,0,NA,444,1,0.002252252,0.823502375,0.856,1,1,0,35,7034,0.004975832,0.037974684,R
8,Cattaraugus,0,1,0,449,2,0.004454343,0.849102331,0.856,1,1,0,48,8056,0.005958292,0.029126214,R
9,Cattaraugus,0,1,0,440,3,0.006818182,0.825646421,0.856,1,1,0,73,7938,0.009196271,0.028673835,R
10,Cattaraugus,1,20,0.05,432,23,0.053240741,0.763121573,0.856,1,1,0,NA,NA,NA,NA,R
5,Cayuga,NA,NA,NA,NA,NA,NA,0.86567029,0.695,1,1,0,41,3859,0.010624514,0.02173913,R
6,Cayuga,0,0,NA,466,0,0,0.875477285,0.695,1,1,0,27,7433,0.00363245,0.016806723,R
7,Cayuga,0,1,0,461,1,0.002169197,0.861949554,0.695,1,1,0,25,7746,0.003227472,0.013888889,R
8,Cayuga,0,0,NA,462,1,0.002164502,0.876520346,0.695,1,1,0,36,8098,0.004445542,0.011111111,R
9,Cayuga,0,0,NA,463,1,0.002159827,0.877077237,0.695,1,1,0,41,10026,0.004089368,0.009049774,R
10,Cayuga,0,2,0,457,3,0.006564551,0.883835877,0.695,1,1,0,NA,NA,NA,NA,R
5,Chautauqua,0,0,NA,825,0,0,0.891180006,0.911428571,1,1,0,50,4394,0.011379153,0.023529412,R
6,Chautauqua,0,1,0,846,1,0.001182033,0.903349291,0.911428571,1,1,0,42,13226,0.003175563,0.023622047,R
7,Chautauqua,0,0,NA,821,1,0.001218027,0.894561072,0.911428571,1,1,0,104,12322,0.008440188,0.017316017,R
8,Chautauqua,0,0,NA,830,1,0.001204819,0.894142505,0.911428571,1,1,0,174,13816,0.012594094,0.009876543,R
9,Chautauqua,0,0,NA,814,1,0.001228501,0.88734452,0.911428571,1,1,0,197,14354,0.013724397,0.006644518,R
10,Chautauqua,0,3,0,808,4,0.004950495,0.884831459,0.911428571,1,1,0,NA,NA,NA,NA,R
5,Chemung,NA,NA,NA,NA,NA,NA,0.906963195,0.6525,1,1,0,14,4976,0.002813505,0.01459854,R
6,Chemung,NA,NA,NA,NA,NA,NA,0.88870098,0.6525,1,1,0,7,8211,0.000852515,0.013888889,R
7,Chemung,NA,NA,NA,NA,NA,NA,0.808475972,0.6525,1,1,0,19,9276,0.002048297,0.012269939,R
8,Chemung,NA,NA,NA,NA,NA,NA,0.826142398,0.6525,1,1,0,42,9364,0.004485263,0.009756098,R
9,Chemung,NA,NA,NA,NA,NA,NA,0.860766233,0.6525,1,1,0,355,12556,0.028273335,0.008928571,R
10,Chemung,NA,NA,NA,NA,NA,NA,0.884954597,0.6525,1,1,0,NA,NA,NA,NA,R
5,Chenango,NA,NA,NA,423,4,0.009456265,0.7763063,0.928,1,1,0,34,3657,0.009297238,0.037593985,R
6,Chenango,0,0,NA,401,4,0.009975062,0.761934842,0.928,1,1,0,13,6559,0.001982009,0.04109589,R
7,Chenango,0,1,0,398,5,0.012562814,0.749699405,0.928,1,1,0,63,5643,0.011164274,0.028708134,R
8,Chenango,0,0,NA,396,5,0.012626263,0.751280891,0.928,1,1,0,20,6520,0.003067485,0.026200873,R
9,Chenango,0,0,NA,396,5,0.012626263,0.746710215,0.928,1,1,0,24,6019,0.003987373,0.023715415,R
10,Chenango,0,1,0,402,6,0.014925373,0.742808909,0.928,1,1,0,NA,NA,NA,NA,R
5,Clinton,0,0,NA,387,0,0,0.843508913,0.9775,1,1,0,35,3371,0.010382676,0.041666667,R
6,Clinton,0,0,NA,392,0,0,0.840474808,0.9775,1,1,0,5,7476,0.000668807,0.03960396,R
7,Clinton,0,1,0,385,1,0.002597403,0.835975012,0.9775,1,1,0,26,7528,0.003453773,0.031496063,R
8,Clinton,0,0,NA,382,1,0.002617801,0.817950656,0.9775,1,1,0,24,7374,0.003254679,0.033112583,R
9,Clinton,0,0,NA,382,1,0.002617801,0.81726647,0.9775,1,1,0,11,8927,0.001232217,0.030864198,R
10,Clinton,0,0,NA,382,1,0.002617801,0.819969372,0.9775,1,1,0,NA,NA,NA,NA,R
5,Columbia,NA,NA,NA,NA,NA,NA,0.781944444,0.866,1,0,0,187,3051,0.06129138,0.100257069,D
6,Columbia,6,31,0.193548387,401,67,0.167082294,0.713335959,0.866,1,1,0,77,6716,0.011465158,0.100858369,D
7,Columbia,0,1,0,431,68,0.157772622,0.740708158,0.866,1,1,0,53,6799,0.007795264,0.090558767,D
8,Columbia,0,1,0,451,69,0.152993348,0.759684874,0.866,1,0,0,50,7441,0.006719527,0.082601054,D
9,Columbia,0,0,NA,451,69,0.152993348,0.771778711,0.866,1,0,0,26,6705,0.003877703,0.078991597,D
10,Columbia,0,0,NA,450,69,0.153333333,0.774881828,0.866,1,1,0,NA,NA,NA,NA,D
5,Cortland,0,0,NA,335,0,0,0.846246612,0.973333333,1,0,0,13,2908,0.004470426,0.024390244,R
6,Cortland,0,0,NA,339,0,0,0.884727545,0.973333333,1,0,0,6,4942,0.001214083,0.021276596,R
7,Cortland,0,1,0,338,1,0.00295858,0.888849206,0.973333333,1,0,0,44,5727,0.007682906,0.010989011,R
8,Cortland,0,3,0,326,4,0.012269939,0.872095238,0.973333333,1,0,0,10,5510,0.001814882,0.00990099,R
9,Cortland,0,0,NA,323,4,0.012383901,0.872261905,0.973333333,1,0,0,94,7807,0.012040476,0.005128205,R
10,Cortland,0,0,NA,315,4,0.012698413,0.85109127,0.973333333,1,0,0,NA,NA,NA,NA,R
5,Delaware,NA,NA,NA,NA,NA,NA,0.752956393,0.586666667,1,1,0,20,2342,0.00853971,0.024691358,R
6,Delaware,0,0,NA,308,0,0,0.852211136,0.586666667,1,1,0,10,4660,0.002145923,0.043956044,R
7,Delaware,0,0,NA,310,0,0,0.859950881,0.586666667,1,1,0,12,3765,0.003187251,0.038834951,R
8,Delaware,0,0,NA,315,0,0,0.867461813,0.586666667,1,1,0,12,4605,0.002605863,0.034782609,R
9,Delaware,0,0,NA,302,0,0,0.850521218,0.586666667,1,1,0,22,5286,0.004161937,0.03649635,R
10,Delaware,0,0,NA,307,0,0,0.846644802,0.586666667,1,1,0,NA,NA,NA,NA,R
5,Dutchess,NA,NA,NA,NA,NA,NA,0.829608744,0.560769231,1,1,1,922,17804,0.051786115,0.035423038,R
6,Dutchess,3,3,1,1603,126,0.07860262,0.829143296,0.560769231,1,1,1,289,27763,0.010409538,0.035841443,R
7,Dutchess,1,3,0.333333333,1588,129,0.081234257,0.823346759,0.560769231,1,1,1,291,32537,0.008943664,0.033969805,R
8,Dutchess,0,2,0,1601,131,0.08182386,0.818899929,0.560769231,1,1,1,364,42510,0.008562691,0.031429745,R
9,Dutchess,0,2,0,1627,133,0.081745544,0.831003907,0.560769231,1,1,1,280,36705,0.007628389,0.03030303,R
10,Dutchess,0,0,NA,1633,133,0.081445193,0.838119628,0.560769231,1,1,1,NA,NA,NA,NA,R
5,Erie,NA,NA,NA,NA,NA,NA,0.812003672,0.774571429,1,1,1,2642,47504,0.055616369,0.081169361,D
6,Erie,66,331,0.19939577,4473,1113,0.248826291,0.817608586,0.774571429,1,1,1,1214,78201,0.015524098,0.077824724,D
7,Erie,10,58,0.172413793,4481,1171,0.261325597,0.804171592,0.774571429,1,1,1,1211,84624,0.014310361,0.069489939,D
8,Erie,6,26,0.230769231,4583,1197,0.261182631,0.816050255,0.774571429,1,1,1,1399,100096,0.013976582,0.060922891,D
9,Erie,12,29,0.413793103,4600,1226,0.266521739,0.823920994,0.774571429,1,1,1,1627,101943,0.015959899,0.054000346,D
10,Erie,12,118,0.101694915,4558,1344,0.294866169,0.816848368,0.774571429,1,1,1,NA,NA,NA,NA,D
5,Essex,0,1,0,269,1,0.003717472,0.920361552,0.93,1,1,0,9,2628,0.003424658,0,R
6,Essex,0,0,NA,269,1,0.003717472,0.916907701,0.93,1,1,0,5,3270,0.001529052,0,R
7,Essex,0,0,NA,265,1,0.003773585,0.896565256,0.93,1,1,0,13,3159,0.004115226,0,R
8,Essex,2,39,0.051282051,263,40,0.152091255,0.906243386,0.93,1,1,0,76,4097,0.018550159,0.045801527,R
9,Essex,7,22,0.318181818,246,62,0.25203252,0.861609347,0.93,1,1,0,38,4210,0.009026128,0.082840237,R
10,Essex,1,0,Inf,246,62,0.25203252,0.845330688,0.93,1,1,0,NA,NA,NA,NA,R
5,Franklin,0,0,NA,170,0,0,0.876851852,0.49,1,1,0,8,3067,0.002608412,0,R
6,Franklin,0,0,NA,171,0,0,0.846064815,0.49,1,1,0,8,4291,0.001864367,0,R
7,Franklin,0,0,NA,166,0,0,0.857638889,0.49,1,1,0,19,4545,0.004180418,0.02,R
8,Franklin,0,0,NA,176,0,0,0.87962963,0.49,1,1,0,8,5257,0.00152178,0.017241379,R
9,Franklin,0,0,NA,178,0,0,0.91712963,0.49,1,0,0,8,4860,0.001646091,0.015151515,R
10,Franklin,0,0,NA,180,0,0,0.914583333,0.49,1,0,0,NA,NA,NA,NA,R
5,Fulton,17,94,0.180851064,307,94,0.306188925,0.842476551,0.943333333,1,1,0,135,2710,0.049815498,0.09047619,R
6,Fulton,10,31,0.322580645,302,125,0.413907285,1.003766685,0.943333333,1,1,0,47,5252,0.008948972,0.101167315,R
7,Fulton,1,25,0.04,304,150,0.493421053,0.829845779,0.943333333,1,1,0,25,4637,0.005391417,0.09929078,R
8,Fulton,1,8,0.125,308,158,0.512987013,0.830603896,0.943333333,1,1,0,29,5392,0.005378338,0.090032154,R
9,Fulton,0,0,NA,307,158,0.51465798,0.829858405,0.943333333,1,1,0,28,4502,0.006219458,0.08259587,R
10,Fulton,0,0,NA,312,158,0.506410256,0.838538059,0.943333333,1,1,0,NA,NA,NA,NA,R
5,Genesee,0,0,NA,438,0,0,0.941370248,0.9475,1,1,0,48,2910,0.016494845,0.024752475,R
6,Genesee,0,1,0,449,1,0.002227171,0.946787194,0.9475,1,1,0,36,5631,0.006393181,0.021008403,R
7,Genesee,0,0,NA,444,1,0.002252252,0.917198901,0.9475,1,1,0,34,6084,0.005588429,0.022058824,R
8,Genesee,0,0,NA,445,1,0.002247191,0.912417435,0.9475,1,0,0,25,7350,0.003401361,0.02020202,R
9,Genesee,0,2,0,448,3,0.006696429,0.891542259,0.9475,1,0,0,38,7120,0.005337079,0.017910448,R
10,Genesee,0,3,0,434,6,0.013824885,0.903167603,0.9475,1,1,0,NA,NA,NA,NA,R
5,Greene,14,90,0.155555556,207,90,0.434782609,0.807720588,0.975,1,0,0,100,1804,0.055432373,0.054393305,R
6,Greene,0,0,NA,217,90,0.414746544,0.813235294,0.975,1,0,0,21,3492,0.006013746,0.05,R
7,Greene,0,1,0,232,91,0.392241379,0.874632353,0.975,1,1,0,29,4035,0.007187113,0.044982699,R
8,Greene,0,0,NA,234,91,0.388888889,0.900098039,0.975,1,0,0,20,4388,0.004557885,0.042071197,R
9,Greene,0,0,NA,233,91,0.39055794,0.920526961,0.975,1,0,0,19,4175,0.004550898,0.042682927,R
10,Greene,0,0,NA,224,91,0.40625,0.892708333,0.975,1,0,0,NA,NA,NA,NA,R
5,Herkimer,NA,NA,NA,477,0,0,0.91357362,0.9475,1,1,0,49,3567,0.013737034,0.027522936,R
6,Herkimer,0,0,NA,467,0,0,0.905234695,0.9475,1,1,0,53,8625,0.006144928,0.018518519,R
7,Herkimer,0,2,0,461,2,0.004338395,0.886794638,0.9475,1,1,0,78,7000,0.011142857,0.020833333,R
8,Herkimer,6,30,0.2,448,32,0.071428571,0.865069657,0.9475,1,1,0,58,8924,0.006499328,0.033557047,R
9,Herkimer,0,1,0,434,33,0.076036866,0.846631359,0.9475,1,1,0,42,8275,0.005075529,0.029411765,R
10,Herkimer,0,0,NA,453,33,0.072847682,0.859117779,0.9475,1,0,0,NA,NA,NA,NA,R
5,Jefferson,0,0,NA,490,0,0,0.926196312,0.936666667,1,0,0,13,4803,0.002706642,0,R
6,Jefferson,0,0,NA,502,0,0,0.926035831,0.936666667,1,1,0,14,7335,0.001908657,0,R
7,Jefferson,0,1,0,503,1,0.001988072,0.929053844,0.936666667,1,1,0,42,7738,0.005427759,0,R
8,Jefferson,0,0,NA,509,1,0.001964637,0.943429038,0.936666667,1,1,0,20,7267,0.002752167,0.006666667,R
9,Jefferson,0,0,NA,507,1,0.001972387,0.957511477,0.936666667,1,1,0,22,7592,0.002897787,0.005813953,R
10,Jefferson,0,0,NA,507,1,0.001972387,0.95238387,0.936666667,1,1,0,NA,NA,NA,NA,R
5,Kings,418,851,0.491186839,7723,851,0.110190341,0.771797737,0.761,1,1,1,10534,165784,0.063540511,0.120100619,D
6,Kings,22,255,0.08627451,7928,1106,0.13950555,0.801083269,0.761,1,1,1,3689,244362,0.015096455,0.11889458,D
7,Kings,0,30,0,8019,1136,0.141663549,0.786589859,0.761,1,1,1,2752,245174,0.011224681,0.115963132,D
8,Kings,1,11,0.090909091,8153,1147,0.140684411,0.797931542,0.761,1,1,1,2624,281365,0.009325964,0.111950613,D
9,Kings,1,29,0.034482759,8145,1176,0.144383057,0.803441345,0.761,1,1,1,3944,294289,0.013401792,0.106122035,D
10,Kings,1,58,0.017241379,8167,1234,0.151095874,0.803567576,0.761,1,1,1,NA,NA,NA,NA,D
5,Lewis,0,0,NA,137,0,0,0.85625,0,1,1,0,11,1849,0.005949162,0.25,R
6,Lewis,0,0,NA,139,0,0,0.8609375,0,1,1,0,10,2199,0.004547522,0.166666667,R
7,Lewis,0,0,NA,140,0,0,0.875,0,1,0,0,4,2052,0.001949318,0.147058824,R
8,Lewis,0,0,NA,137,0,0,0.8625,0,1,0,0,15,1913,0.007841087,0.102040816,R
9,Lewis,0,1,0,138,1,0.007246377,0.85625,0,1,0,0,1,1990,0.000502513,0.1,R
10,Lewis,0,0,NA,137,1,0.00729927,0.8484375,0,1,0,0,NA,NA,NA,NA,R
5,Livingston,2,4,0.5,302,4,0.013245033,0.838831454,0.92,1,1,0,46,2755,0.016696915,0.025210084,R
6,Livingston,0,0,NA,291,4,0.013745704,0.817152256,0.92,1,1,0,11,5034,0.002185141,0.030769231,R
7,Livingston,0,1,0,283,5,0.017667845,0.76607665,0.92,1,1,0,36,5660,0.006360424,0.024096386,R
8,Livingston,0,0,NA,282,5,0.017730496,0.799329574,0.92,1,1,0,17,6008,0.002829561,0.032786885,R
9,Livingston,0,0,NA,276,5,0.018115942,0.78697264,0.92,1,1,0,25,6720,0.003720238,0.028846154,R
10,Livingston,0,0,NA,275,5,0.018181818,0.78554198,0.92,1,1,0,NA,NA,NA,NA,R
5,Madison,NA,NA,NA,NA,NA,NA,0.810416667,0.926666667,1,0,0,177,3475,0.050935252,0.025316456,R
6,Madison,0,0,NA,318,29,0.091194969,0.850173611,0.926666667,1,0,1,41,5831,0.007031384,0.025210084,R
7,Madison,0,0,NA,315,29,0.092063492,0.886805556,0.926666667,1,0,1,42,6207,0.006766554,0.022556391,R
8,Madison,0,1,0,327,30,0.091743119,0.894027778,0.926666667,1,1,1,62,10587,0.005856239,0.019522777,R
9,Madison,0,0,NA,316,30,0.094936709,0.884722222,0.926666667,1,0,1,37,10000,0.0037,0.018072289,R
10,Madison,0,0,NA,320,30,0.09375,0.909375,0.926666667,1,0,1,NA,NA,NA,NA,R
5,Monroe,NA,NA,NA,NA,NA,NA,0.820153597,0.738181818,1,1,1,1486,40854,0.036373427,0.066801619,D
6,Monroe,34,55,0.618181818,NA,459,NA,0.786230153,0.738181818,1,1,1,816,77601,0.010515328,0.064550265,D
7,Monroe,3,2,1.5,NA,461,NA,0.803288671,0.738181818,1,1,1,962,88685,0.010847381,0.052720371,D
8,Monroe,0,2,0,NA,463,NA,0.818051613,0.738181818,1,1,1,720,103292,0.00697053,0.047052362,D
9,Monroe,2,3,0.666666667,NA,466,NA,0.827542381,0.738181818,1,1,1,659,94932,0.006941811,0.042476719,D
10,Monroe,0,7,0,4147,473,0.114058355,0.816772895,0.738181818,1,1,1,NA,NA,NA,NA,D
5,Montgomery,0,2,0,512,2,0.00390625,0.873333333,0.94,1,0,0,37,2702,0.01369356,0.043956044,R
6,Montgomery,0,0,NA,518,2,0.003861004,0.880595238,0.94,1,1,0,27,5912,0.004566982,0.033898305,R
7,Montgomery,0,2,0,517,4,0.007736944,0.895044643,0.94,1,1,0,37,5300,0.006981132,0.025806452,R
8,Montgomery,4,17,0.235294118,525,21,0.04,0.896892857,0.94,1,1,0,52,6312,0.008238276,0.038647343,R
9,Montgomery,2,1,2,521,22,0.042226488,0.894092262,0.94,1,1,0,28,5786,0.004839267,0.038297872,R
10,Montgomery,0,0,NA,526,22,0.041825095,0.898973214,0.94,1,1,0,NA,NA,NA,NA,R
5,Nassau,NA,NA,NA,NA,NA,NA,0.723112234,0.828378378,1,1,1,4318,83916,0.051456218,0.052323427,D
6,Nassau,NA,NA,NA,5334,808,0.151481065,0.720384967,0.828378378,1,1,1,1374,134402,0.010223062,0.052134853,D
7,Nassau,8,34,0.235294118,5399,842,0.155954806,0.728995717,0.828378378,1,1,1,1418,150444,0.009425434,0.050703705,D
8,Nassau,0,16,0,5400,858,0.158888889,0.735261402,0.828378378,1,1,1,1490,179247,0.008312552,0.049105248,D
9,Nassau,2,3,0.666666667,5529,861,0.155724362,0.747540494,0.828378378,1,1,1,2168,179086,0.012105916,0.046900637,D
10,Nassau,0,6,0,5566,867,0.155767158,0.748231214,0.828378378,1,1,1,NA,NA,NA,NA,D
5,New York,305,654,0.466360856,4485,654,0.145819398,0.783619729,0.845294118,1,1,1,4546,107829,0.042159345,0.108977957,NA
6,New York,6,53,0.113207547,4482,707,0.157742079,0.77465039,0.845294118,1,1,1,1797,170092,0.010564871,0.108282488,NA
7,New York,3,26,0.115384615,4508,733,0.162599823,0.777423505,0.845294118,1,1,1,2000,213080,0.009386146,0.103086703,NA
8,New York,2,17,0.117647059,4562,750,0.164401578,0.783214564,0.845294118,1,1,1,1647,261077,0.006308484,0.098554329,NA
9,New York,0,24,0,4501,774,0.171961786,0.842850894,0.845294118,1,1,1,1461,270090,0.005409308,0.0945102,NA
10,New York,2,6,0.333333333,4610,780,0.169197397,0.801398579,0.845294118,1,1,1,NA,NA,NA,NA,NA
5,Niagara,NA,NA,NA,NA,NA,NA,0.834279011,0.775,1,1,0,606,11440,0.052972028,0.062141491,R
6,Niagara,14,41,0.341463415,1109,108,0.097385032,0.81303217,0.775,1,1,0,191,19086,0.010007335,0.068714632,R
7,Niagara,0,33,0,1129,141,0.124889283,0.822657314,0.775,1,1,0,207,20064,0.010316986,0.060941828,R
8,Niagara,3,20,0.15,1145,161,0.140611354,0.827088443,0.775,1,1,0,182,20523,0.008868099,0.054735547,R
9,Niagara,0,2,0,1130,163,0.144247788,0.828875536,0.775,1,1,0,173,22704,0.007619803,0.049471929,R
10,Niagara,0,6,0,1154,169,0.14644714,0.828139794,0.775,1,1,0,NA,NA,NA,NA,R
5,Oneida,20,98,0.204081633,2175,98,0.045057471,0.855502677,0.732941176,1,1,1,585,15976,0.036617426,0.052123552,R
6,Oneida,18,84,0.214285714,2143,182,0.084927671,0.842076796,0.732941176,1,1,1,606,28849,0.021005927,0.056638246,R
7,Oneida,20,30,0.666666667,2082,212,0.101825168,0.828819233,0.732941176,1,1,1,439,27057,0.016225006,0.055261893,R
8,Oneida,0,3,0,2117,215,0.10155881,0.827037306,0.732941176,1,1,1,200,34037,0.005875959,0.052608505,R
9,Oneida,0,5,0,2093,220,0.105112279,0.828681487,0.732941176,1,1,1,179,45381,0.003944382,0.05,R
10,Oneida,0,49,0,2094,269,0.128462273,0.819258005,0.732941176,1,1,1,NA,NA,NA,NA,R
5,Onondaga,90,386,0.233160622,2297,386,0.168045276,0.820930367,0.825,1,1,0,1337,29492,0.045334328,0.053254438,D
6,Onondaga,39,75,0.52,2354,461,0.195836873,0.817584781,0.825,1,1,0,666,45445,0.014655078,0.057981139,D
7,Onondaga,6,2,3,2414,463,0.191797846,0.844134596,0.825,1,1,0,614,49525,0.012397779,0.049467932,D
8,Onondaga,0,4,0,2425,467,0.19257732,0.852004106,0.825,1,0,0,435,56491,0.007700342,0.045756646,D
9,Onondaga,0,1,0,2449,468,0.191098408,0.865754196,0.825,1,1,0,544,55355,0.009827477,0.040843806,D
10,Onondaga,2,5,0.4,2422,473,0.195293146,0.86618041,0.825,1,1,0,NA,NA,NA,NA,D
5,Ontario,NA,NA,NA,427,20,0.046838407,0.776406109,0.771666667,1,1,1,117,4883,0.02396068,0.091346154,R
6,Ontario,2,10,0.2,387,30,0.07751938,0.91181121,0.771666667,1,1,1,57,9671,0.00589391,0.098113208,R
7,Ontario,0,0,NA,420,30,0.071428571,0.748924989,0.771666667,1,1,1,84,10984,0.007647487,0.077363897,R
8,Ontario,0,1,0,435,31,0.071264368,0.790932717,0.771666667,1,1,1,44,12375,0.003555556,0.071246819,R
9,Ontario,0,0,NA,527,31,0.058823529,0.814263674,0.771666667,1,1,1,88,13155,0.006689472,0.058212058,R
10,Ontario,0,1,0,540,32,0.059259259,0.817213325,0.771666667,1,1,1,NA,NA,NA,NA,R
5,Orange,149,390,0.382051282,1037,390,0.37608486,0.716552839,0.862,1,1,0,1671,21308,0.07842125,0.035405872,R
6,Orange,13,30,0.433333333,NA,420,NA,0.73646139,0.862,1,1,0,308,25353,0.012148464,0.037371855,R
7,Orange,5,10,0.5,NA,430,NA,0.774433164,0.862,1,1,0,358,26167,0.013681354,0.036706349,R
8,Orange,2,3,0.666666667,NA,433,NA,0.783662987,0.862,1,1,0,357,28858,0.01237092,0.035736129,R
9,Orange,0,2,0,1143,435,0.380577428,0.784353969,0.862,1,1,0,754,33674,0.022391162,0.033855234,R
10,Orange,0,5,0,1152,440,0.381944444,0.785634878,0.862,1,1,0,NA,NA,NA,NA,R
5,Orleans,NA,NA,NA,NA,NA,NA,0.829166667,0.933333333,1,0,0,144,1862,0.077336198,0.148305085,R
6,Orleans,NA,NA,NA,196,97,0.494897959,0.71155303,0.933333333,1,1,0,45,2934,0.015337423,0.192170819,R
7,Orleans,0,0,NA,211,97,0.45971564,0.726909722,0.933333333,1,1,0,14,2908,0.004814305,0.186440678,R
8,Orleans,0,0,NA,227,97,0.427312775,0.76875,0.933333333,1,1,0,11,3430,0.003206997,0.179738562,R
9,Orleans,0,0,NA,236,97,0.411016949,0.795833333,0.933333333,1,1,0,30,4738,0.006331786,0.163690476,R
10,Orleans,0,0,NA,239,97,0.405857741,0.802430556,0.933333333,1,1,0,NA,NA,NA,NA,R
5,Oswego,NA,NA,NA,440,1,0.002272727,0.801428571,0.725,1,0,0,46,4832,0.009519868,0.018181818,R
6,Oswego,0,0,NA,447,1,0.002237136,0.819114583,0.725,1,1,0,91,9493,0.009586011,0.014925373,R
7,Oswego,0,0,NA,436,1,0.002293578,0.824947917,0.725,1,1,0,43,10080,0.004265873,0.012295082,R
8,Oswego,0,0,NA,399,1,0.002506266,0.813291667,0.725,1,1,0,60,10613,0.005653444,0.009868421,R
9,Oswego,0,0,NA,455,1,0.002197802,0.854739583,0.725,1,1,0,202,11708,0.01725316,0.005928854,R
10,Oswego,0,0,NA,464,1,0.002155172,0.865416667,0.725,1,0,0,NA,NA,NA,NA,R
5,Otsego,0,0,NA,358,0,0,0.931167109,0.936666667,1,1,0,5,2643,0.00189179,0.055555556,R
6,Otsego,0,0,NA,361,0,0,1.105606211,0.936666667,1,1,0,12,4951,0.002423753,0.047619048,R
7,Otsego,0,0,NA,354,0,0,0.924573571,0.936666667,1,1,0,28,4600,0.006086957,0.035714286,R
8,Otsego,0,0,NA,356,0,0,0.937051282,0.936666667,1,0,0,67,6006,0.011155511,0.022346369,R
9,Otsego,0,0,NA,354,0,0,0.929945844,0.936666667,1,1,0,163,8150,0.02,0.011695906,R
10,Otsego,0,0,NA,364,0,0,0.937951297,0.936666667,1,0,0,NA,NA,NA,NA,R
5,Putnam,3,22,0.136363636,201,22,0.109452736,0.6328125,0.795,1,1,0,267,5192,0.05142527,0.047732697,R
6,Putnam,0,3,0,204,25,0.12254902,0.62890625,0.795,1,1,0,72,7855,0.009166136,0.047404063,R
7,Putnam,1,0,Inf,213,25,0.117370892,0.6515625,0.795,1,1,0,96,9702,0.009894867,0.044210526,R
8,Putnam,0,0,NA,209,25,0.119617225,0.668125,0.795,1,1,0,80,10235,0.007816317,0.041860465,R
9,Putnam,0,1,0,216,26,0.12037037,0.65546875,0.795,1,1,0,124,10103,0.012273582,0.038674033,R
10,Putnam,0,3,0,224,29,0.129464286,0.6890625,0.795,1,1,0,NA,NA,NA,NA,R
5,Queens,NA,NA,NA,NA,NA,NA,0.741836737,0.776101695,1,1,1,9820,142614,0.068857195,0.100573324,D
6,Queens,NA,NA,NA,NA,1277,NA,0.733064376,0.776101695,1,1,1,3361,218692,0.015368646,0.107814529,D
7,Queens,5,34,0.147058824,NA,1311,NA,0.729024915,0.776101695,1,1,1,2586,218522,0.011834049,0.105451125,D
8,Queens,1,26,0.038461538,9310,1337,0.143609023,0.729962794,0.776101695,1,1,1,2247,258451,0.008694104,0.102748691,D
9,Queens,1,20,0.05,9359,1357,0.144994123,0.738725227,0.776101695,1,1,1,2404,250986,0.009578223,0.099777142,D
10,Queens,2,22,0.090909091,9387,1379,0.146905295,0.739121045,0.776101695,1,1,1,NA,NA,NA,NA,D
5,Rensselaer,NA,NA,NA,1080,18,0.016666667,0.857939648,0.878888889,1,1,0,194,6993,0.027742028,0.050813008,R
6,Rensselaer,3,3,1,1106,21,0.018987342,0.859013307,0.878888889,1,1,0,63,10422,0.006044905,0.057657658,R
7,Rensselaer,2,82,0.024390244,1088,103,0.094669118,0.847634942,0.878888889,1,1,0,179,12205,0.01466612,0.047683924,R
8,Rensselaer,1,25,0.04,1087,128,0.11775529,0.829935506,0.878888889,1,1,0,107,13518,0.007915372,0.048751486,R
9,Rensselaer,2,0,Inf,1084,128,0.118081181,0.839731877,0.878888889,1,1,0,82,16371,0.005008857,0.045503792,R
10,Rensselaer,0,17,0,1093,145,0.132662397,0.820743929,0.878888889,1,1,0,NA,NA,NA,NA,R
5,Richmond,239,320,0.746875,2384,320,0.134228188,0.760926137,0.857,1,1,1,1600,27296,0.058616647,0.073132895,R
6,Richmond,4,71,0.056338028,2410,391,0.162240664,0.763219859,0.857,1,1,1,572,45801,0.01248881,0.074349706,R
7,Richmond,1,8,0.125,2415,399,0.165217391,0.76407235,0.857,1,1,1,672,51639,0.01301342,0.072796157,R
8,Richmond,0,7,0,2411,406,0.168394857,0.762715321,0.857,1,1,1,527,63117,0.008349573,0.070747322,R
9,Richmond,0,4,0,2395,410,0.171189979,0.760327783,0.857,1,1,1,717,64653,0.011089973,0.067769111,R
10,Richmond,0,4,0,2418,414,0.171215881,0.768856536,0.857,1,1,1,NA,NA,NA,NA,R
5,Rockland,NA,NA,NA,NA,NA,NA,0.617029438,0.698181818,1,1,1,1373,21852,0.062831777,0.037466818,R
6,Rockland,NA,NA,NA,1020,119,0.116666667,0.593385392,0.698181818,1,1,1,417,24975,0.016696697,0.037200412,R
7,Rockland,1,4,0.25,1021,123,0.120470127,0.586090268,0.698181818,1,1,1,278,25812,0.010770184,0.036527378,R
8,Rockland,1,3,0.333333333,1034,126,0.121856867,0.600119277,0.698181818,1,0,1,391,29851,0.013098389,0.035596665,R
9,Rockland,1,7,0.142857143,1070,133,0.124299065,0.654970423,0.698181818,1,1,1,1365,37485,0.036414566,0.032553083,R
10,Rockland,1,7,0.142857143,1081,140,0.129509713,0.678606648,0.698181818,1,1,1,NA,NA,NA,NA,R
5,Saratoga,0,1,0,536,1,0.001865672,0.750810256,0.91,1,1,0,125,8460,0.014775414,0.028985507,R
6,Saratoga,0,0,NA,551,1,0.001814882,0.760636534,0.91,1,1,0,67,14900,0.004496644,0.027272727,R
7,Saratoga,0,0,NA,533,1,0.001876173,0.760917839,0.91,1,1,0,176,17765,0.009907121,0.020661157,R
8,Saratoga,0,0,NA,534,1,0.001872659,0.760960589,0.91,1,1,0,120,24880,0.004823151,0.017730496,R
9,Saratoga,0,0,NA,530,1,0.001886792,0.754725342,0.91,1,1,0,227,31601,0.007183317,0.013979497,R
10,Saratoga,0,0,NA,531,1,0.001883239,0.746975002,0.91,1,1,0,NA,NA,NA,NA,R
5,Schenectady,0,1,0,959,1,0.001042753,0.924031668,0.888333333,1,1,1,179,8683,0.020614995,0.04040404,D
6,Schenectady,2,4,0.5,955,5,0.005235602,0.920759846,0.888333333,1,1,1,112,14634,0.00765341,0.043478261,D
7,Schenectady,0,2,0,944,7,0.007415254,0.921086965,0.888333333,1,1,1,227,14460,0.015698479,0.037790698,D
8,Schenectady,1,4,0.25,941,11,0.011689692,0.896472383,0.888333333,1,1,1,239,17151,0.013935048,0.033831629,D
9,Schenectady,0,4,0,940,15,0.015957447,0.883706192,0.888333333,1,1,1,146,25388,0.005750748,0.03246295,D
10,Schenectady,0,1,0,950,16,0.016842105,0.914596267,0.888333333,1,1,1,NA,NA,NA,NA,D
5,Schuyler,0,0,NA,112,0,0,0.941666667,0.89,1,0,0,4,1125,0.003555556,0,R
6,Schuyler,0,0,NA,114,0,0,0.94375,0.89,1,0,0,2,1522,0.00131406,0,R
7,Schuyler,0,0,NA,110,0,0,0.9375,0.89,1,0,0,9,1859,0.004841313,0,R
8,Schuyler,0,0,NA,114,0,0,0.938333333,0.89,1,0,0,4,1874,0.002134472,0,R
9,Schuyler,0,0,NA,116,0,0,0.952083333,0.89,1,0,0,21,2498,0.008406725,0,R
10,Schuyler,0,8,0,110,8,0.072727273,0.95,0.89,1,1,0,NA,NA,NA,NA,R
5,Seneca,0,0,NA,60,0,0,0.533333333,0.95,1,1,0,18,1755,0.01025641,0.016949153,R
6,Seneca,0,0,NA,66,0,0,0.522916667,0.95,1,1,0,11,3145,0.003497615,0.014285714,R
7,Seneca,0,0,NA,69,0,0,0.56875,0.95,1,1,0,15,3064,0.004895561,0.011764706,R
8,Seneca,0,0,NA,70,0,0,0.591666667,0.95,1,1,0,15,2952,0.005081301,0.01,R
9,Seneca,0,0,NA,73,0,0,0.60625,0.95,1,1,0,8,3339,0.002395927,0.009259259,R
10,Seneca,0,0,NA,72,0,0,0.597916667,0.95,1,1,0,NA,NA,NA,NA,R
5,St. Lawrence,0,1,0,534,1,0.001872659,0.834465738,NA,1,1,0,29,7646,0.003792833,0.009756098,NA
6,St. Lawrence,0,0,NA,545,1,0.001834862,0.838514082,NA,1,1,0,14,8403,0.001666072,0.01369863,NA
7,St. Lawrence,0,0,NA,545,1,0.001834862,0.84095843,NA,1,1,0,42,9996,0.004201681,0.01532567,NA
8,St. Lawrence,0,0,NA,540,1,0.001851852,0.846123016,NA,1,0,0,14,15255,0.000917732,0.014545455,NA
9,St. Lawrence,0,0,NA,540,1,0.001851852,0.84885949,NA,1,0,0,55,18360,0.002995643,0.012121212,NA
10,St. Lawrence,0,0,NA,550,1,0.001818182,0.847684984,NA,1,0,0,NA,NA,NA,NA,NA
5,Steuben,13,27,0.481481481,556,27,0.048561151,0.79461414,0.918333333,1,1,0,25,3623,0.006900359,0.112033195,R
6,Steuben,0,2,0,561,29,0.051693405,0.813582132,0.918333333,1,1,0,27,6943,0.003888809,0.108208955,R
7,Steuben,0,0,NA,577,29,0.050259965,0.824698465,0.918333333,1,1,0,22,7369,0.00298548,0.1,R
8,Steuben,0,0,NA,572,29,0.050699301,0.833530702,0.918333333,1,1,0,25,8284,0.003017866,0.123809524,R
9,Steuben,0,38,0,568,67,0.117957746,0.799270311,0.918333333,1,1,0,149,8845,0.016845676,0.092672414,R
10,Steuben,29,56,0.517857143,541,123,0.227356747,0.801210056,0.918333333,1,1,0,NA,NA,NA,NA,R
5,Suffolk,534,1325,0.403018868,6153,1325,0.21534211,0.725258038,0.84952381,1,1,1,5668,92760,0.061103924,0.047324015,R
6,Suffolk,51,161,0.316770186,NA,1486,NA,0.806430405,0.84952381,1,1,1,1722,140429,0.012262424,0.047819055,R
7,Suffolk,9,37,0.243243243,NA,1523,NA,0.74173451,0.84952381,1,1,1,1873,153584,0.012195281,0.046120092,R
8,Suffolk,4,16,0.25,NA,1539,NA,0.761838541,0.84952381,1,1,1,1585,181553,0.008730233,0.044602874,R
9,Suffolk,0,9,0,6444,1548,0.240223464,0.776148795,0.84952381,1,1,1,1678,170901,0.00981855,0.043274703,R
10,Suffolk,3,13,0.230769231,6508,1561,0.239858636,0.785341217,0.84952381,1,1,1,NA,NA,NA,NA,R
5,Sullivan,NA,NA,NA,NA,NA,NA,0.767153026,0.8675,1,1,0,509,4396,0.115787079,0.022318215,R
6,Sullivan,NA,NA,NA,341,158,0.463343109,0.782396325,0.8675,1,1,0,63,5416,0.011632201,0.024104683,R
7,Sullivan,0,0,NA,329,158,0.480243161,0.788664366,0.8675,1,1,0,31,5016,0.006180223,0.024949427,R
8,Sullivan,0,0,NA,344,158,0.459302326,0.789849578,0.8675,1,0,0,47,4887,0.009617352,0.024183007,R
9,Sullivan,0,0,NA,326,158,0.484662577,0.797417275,0.8675,1,0,0,77,6412,0.012008734,0.023024269,R
10,Sullivan,0,0,NA,341,158,0.463343109,0.76285744,0.8675,1,0,0,NA,NA,NA,NA,R
5,Tioga,NA,NA,NA,204,65,0.318627451,0.81008658,0.85,1,1,0,40,2314,0.017286085,0.130769231,R
6,Tioga,1,4,0.25,201,69,0.343283582,0.779935065,0.85,1,1,0,13,3839,0.003386299,0.132867133,R
7,Tioga,0,0,NA,221,69,0.312217195,0.805551948,0.85,1,0,0,45,3867,0.011636928,0.111702128,R
8,Tioga,0,1,0,236,70,0.296610169,0.846753247,0.85,1,0,0,21,4194,0.005007153,0.100478469,R
9,Tioga,0,0,NA,232,70,0.301724138,0.847069805,0.85,1,0,0,47,5443,0.008634944,0.08203125,R
10,Tioga,2,35,0.057142857,223,105,0.470852018,0.840819805,0.85,1,1,0,NA,NA,NA,NA,R
5,Tompkins,0,0,NA,357,0,0,0.816805556,0.65,1,1,0,36,6974,0.00516203,0,D
6,Tompkins,0,0,NA,366,0,0,0.820138889,0.65,1,1,0,13,8637,0.001505152,0,D
7,Tompkins,0,1,0,362,1,0.002762431,0.816527778,0.65,1,1,0,53,12427,0.004264907,0,D
8,Tompkins,0,0,NA,366,1,0.00273224,0.830888889,0.65,1,1,0,40,26517,0.001508466,0,D
9,Tompkins,0,0,NA,372,1,0.002688172,0.846736111,0.65,1,1,0,156,121605,0.001282842,0,D
10,Tompkins,0,3,0,359,4,0.011142061,0.827847222,0.65,1,1,0,NA,NA,NA,NA,D
5,Ulster,40,118,0.338983051,1028,118,0.114785992,0.827007372,0.851428571,1,1,1,393,11512,0.03413829,0.044352454,D
6,Ulster,1,0,Inf,1038,118,0.113680154,0.89456631,0.851428571,1,1,1,91,17778,0.005118686,0.045454545,D
7,Ulster,0,0,NA,1032,118,0.114341085,0.817462098,0.851428571,1,1,1,244,18961,0.01286852,0.039980257,D
8,Ulster,1,5,0.2,1056,123,0.116477273,0.840193917,0.851428571,1,1,1,150,19070,0.007865758,0.037683824,D
9,Ulster,0,7,0,1045,130,0.124401914,0.832636379,0.851428571,1,1,1,106,18962,0.005590128,0.036809816,D
10,Ulster,0,3,0,1030,133,0.129126214,0.821187538,0.851428571,1,1,1,NA,NA,NA,NA,D
5,Warren,19,51,0.37254902,305,51,0.167213115,0.784501055,0.9375,1,1,0,73,3646,0.020021942,0.109803922,R
6,Warren,2,4,0.5,333,55,0.165165165,1.026827965,0.9375,1,1,0,8,4967,0.00161063,0.114068441,R
7,Warren,2,0,Inf,335,55,0.164179104,0.83442109,0.9375,1,1,0,37,5998,0.006168723,0.1,R
8,Warren,0,0,NA,335,55,0.164179104,0.846604909,0.9375,1,1,0,22,6168,0.003566796,0.093167702,R
9,Warren,0,0,NA,337,55,0.163204748,0.845422432,0.9375,1,1,0,69,7180,0.009610028,0.076726343,R
10,Warren,0,1,0,342,56,0.16374269,0.856921481,0.9375,1,1,0,NA,NA,NA,NA,R
5,Washington,6,0,Inf,497,0,0,0.950057407,0.87,1,1,0,65,2974,0.021856086,0.059574468,R
6,Washington,0,0,NA,493,0,0,1.065455676,0.87,1,1,0,11,5331,0.002063403,0.056910569,R
7,Washington,0,0,NA,502,0,0,0.942440464,0.87,1,1,0,9,5602,0.001606569,0.054901961,R
8,Washington,0,0,NA,504,0,0,0.942685301,0.87,1,1,0,13,5293,0.002456074,0.052238806,R
9,Washington,0,0,NA,488,0,0,0.932123991,0.87,1,1,0,34,6504,0.005227552,0.046357616,R
10,Washington,0,0,NA,504,0,0,0.941704812,0.87,1,1,0,NA,NA,NA,NA,R
5,Wayne,NA,NA,NA,509,0,0,0.935427867,0.675,1,1,0,45,4443,0.010128292,0.017241379,R
6,Wayne,0,1,0,495,1,0.002020202,0.896668487,0.675,1,1,0,58,9382,0.006182051,0.011494253,R
7,Wayne,0,4,0,494,5,0.010121457,0.88984305,0.675,1,1,0,71,10230,0.006940371,0.008163265,R
8,Wayne,0,0,NA,485,5,0.010309278,0.859918795,0.675,1,1,0,35,10077,0.003473256,0.010714286,R
9,Wayne,0,0,NA,489,5,0.010224949,0.864179407,0.675,1,1,0,46,10853,0.004238459,0.009202454,R
10,Wayne,0,11,0,497,16,0.032193159,0.873298191,0.675,1,1,0,NA,NA,NA,NA,R
5,Westchester,NA,NA,NA,NA,NA,NA,0.721448464,0.767272727,1,1,1,4320,67466,0.064032253,0.040504292,D
6,Westchester,NA,NA,NA,4808,775,0.161189684,0.737155798,0.767272727,1,1,1,1314,108784,0.012078982,0.040870762,D
7,Westchester,9,30,0.3,4814,805,0.167220607,0.742354186,0.767272727,1,1,1,1108,123525,0.008969844,0.040167899,D
8,Westchester,2,12,0.166666667,4944,810,0.163834951,0.757244654,0.767272727,1,1,1,1047,140735,0.007439514,0.039220983,D
9,Westchester,1,14,0.071428571,4964,824,0.165995165,0.776740869,0.767272727,1,1,1,1279,135707,0.009424716,0.038015666,D
10,Westchester,9,38,0.236842105,4989,862,0.172780116,0.786986748,0.767272727,1,1,1,NA,NA,NA,NA,D
5,Wyoming,0,3,0,207,3,0.014492754,0.94076087,0.885,1,1,0,18,1830,0.009836066,0.046511628,R
6,Wyoming,0,0,NA,207,3,0.014492754,0.949411232,0.885,1,0,0,9,3309,0.002719855,0.042105263,R
7,Wyoming,0,0,NA,208,3,0.014423077,0.943976449,0.885,1,1,0,17,3735,0.004551539,0.035714286,R
8,Wyoming,0,0,NA,210,3,0.014285714,0.954655797,0.885,1,0,0,14,4044,0.003461919,0.031746032,R
9,Wyoming,0,0,NA,207,3,0.014492754,0.946286232,0.885,1,1,0,11,6903,0.00159351,0.02919708,R
10,Wyoming,0,0,NA,204,3,0.014705882,0.929415761,0.885,1,0,0,NA,NA,NA,NA,R
5,Yates,8,15,0.533333333,152,15,0.098684211,0.852898551,0.985,1,1,0,21,1151,0.018245004,0.153846154,R
6,Yates,0,0,NA,159,15,0.094339623,0.858695652,0.985,1,0,0,7,2163,0.003236246,0.130434783,R
7,Yates,0,0,NA,159,15,0.094339623,0.855543478,0.985,1,0,0,9,2028,0.00443787,0.109090909,R
8,Yates,0,0,NA,162,15,0.092592593,0.875130435,0.985,1,0,0,7,2119,0.003303445,0.096774194,R
9,Yates,0,0,NA,158,15,0.094936709,0.872898551,0.985,1,0,0,2,2245,0.000890869,0.09375,R
10,Yates,1,0,Inf,156,15,0.096153846,0.865144928,0.985,1,0,0,NA,NA,NA,NA,R
